{
	"member": [],
	"function": [
		{
			"kind": "function",
			"type": "Promise<any>",
			"name": "getUserInfo",
			"memberof": "Platform",
			"scope": "instance"
		},
		{
			"kind": "function",
			"type": "Promise<any>",
			"name": "login",
			"memberof": "Platform",
			"scope": "instance"
		}
	],
	"globalMember": [],
	"globalFunction": [],
	"class": {
		"kind": "interface",
		"name": "Platform",
		"memberof": "",
		"filename": "c:\\Users\\PajamaCat\\Downloads\\tiaoyitiao-master\\tiaoyitiao-master\\跳一跳白鹭源码\\src\\Platform.ts",
		"description": "平台数据接口。由于每款游戏通常需要发布到多个平台上，所以提取出一个统一的接口用于开发者获取平台数据信息推荐开发者通过这种方式封装平台逻辑，以保证整体结构的稳定由于不同平台的接口形式各有不同，白鹭推荐开发者将所有接口封装为基于 Promise 的异步形式"
	}
}